0, 27
0, 23
0, 23
0, 22
0, 23
0, 23
0, 23
0, 23
0, 23
0, 23
0, 26
0, 26
0, 31
0, 30
0, 31
0, 32
0, 32
0, 31
0, 28
0, 37
0, 30
0, 40
0, 23
0, 24
0, 27
0, 24
0, 27
0, 24
0, 24
0, 21
0, 27
0, 24
0, 24
0, 33
0, 27
0, 30
0, 29
0, 27
0, 31
0, 27
0, 29
0, 28
0, 28
0, 40
0, 29
0, 26
0, 21
0, 20
0, 21
0, 21
0, 21
0, 21
0, 20
0, 21
0, 20
0, 20
0, 26
0, 21
0, 21
0, 23
0, 20
0, 20
0, 20
0, 20
0, 20
0, 24
1, 6
1, 5
1, 5
1, 8
1, 5
1, 5
1, 8
1, 6
1, 5
1, 5
1, 6
1, 5
1, 5
1, 6
1, 5
1, 5
1, 6
1, 5
1, 6
1, 6
1, 5
1, 6
1, 8
1, 5
1, 6
1, 6
1, 5
1, 6
1, 5
1, 6
1, 6
1, 6
1, 5
1, 6
1, 9
1, 6
1, 6
1, 5
1, 5
1, 7
1, 5
1, 5
1, 5
1, 6
1, 5
1, 5
1, 5
1, 6
1, 6
1, 5
1, 6
1, 6
1, 6
1, 6
1, 5
1, 5
1, 6
1, 5
1, 6
1, 6
1, 6
1, 5
1, 5
1, 5
1, 6
1, 7
1, 10
1, 5
1, 5
1, 5
1, 5
1, 5
1, 6
1, 5
1, 5
1, 7
1, 5
1, 5
1, 7
2, 6
2, 6
2, 6
2, 7
2, 6
2, 6
2, 8
2, 6
2, 6
2, 6
2, 7
2, 6
2, 6
2, 6
2, 6
2, 6
2, 5
2, 6
2, 6
2, 7
2, 6
2, 6
2, 6
2, 6
2, 6
2, 6
2, 6
2, 7
2, 6
2, 6
2, 6
2, 6
2, 5
2, 8
2, 6
2, 4
2, 8
2, 6
2, 6
2, 6
2, 6
2, 5
2, 6
2, 6
2, 6
2, 6
2, 6
2, 6
2, 6
2, 6
2, 6
2, 6
2, 7
2, 8
2, 6
2, 6
2, 6
2, 7
2, 6
2, 6
2, 5
2, 6
2, 6
2, 6
2, 6
2, 6
2, 6
2, 6
2, 6
2, 5
2, 6
2, 6
2, 6
3, 7
3, 6
3, 9
3, 8
3, 7
3, 7
3, 7
3, 7
3, 7
3, 7
3, 6
3, 7
3, 9
3, 6
3, 7
3, 8
3, 7
3, 7
3, 8
3, 6
3, 7
3, 7
3, 7
3, 7
3, 7
3, 9
3, 6
3, 7
3, 6
3, 6
3, 7
3, 6
3, 7
3, 6
3, 6
3, 6
3, 7
3, 8
3, 6
3, 6
3, 8
3, 6
3, 6
3, 7
3, 6
3, 9
3, 7
3, 7
3, 6
3, 7
3, 6
3, 6
3, 6
3, 7
3, 15
3, 7
3, 6
3, 8
3, 6
3, 7
3, 6
3, 6
3, 6
3, 7
3, 8
3, 13
3, 6
3, 7
3, 7
3, 6
3, 6
3, 6
3, 7
3, 7
4, 9
4, 7
4, 8
4, 9
4, 7
4, 8
4, 8
4, 7
4, 7
4, 8
4, 7
4, 7
4, 9
4, 7
4, 7
4, 8
4, 7
4, 12
4, 7
4, 8
4, 7
4, 7
4, 7
4, 8
4, 7
4, 9
4, 7
4, 7
4, 8
4, 7
4, 9
4, 7
4, 9
4, 8
4, 8
4, 8
4, 7
4, 7
4, 7
4, 6
4, 7
4, 9
4, 7
4, 8
4, 8
4, 7
4, 7
4, 7
4, 8
4, 7
4, 7
4, 7
4, 7
4, 8
4, 7
4, 7
4, 8
4, 8
4, 7
4, 7
4, 7
4, 7
4, 8
4, 8
4, 7
4, 7
4, 7
4, 7
4, 7
4, 8
4, 7
4, 7
4, 7
4, 7
4, 7
4, 7
4, 7
4, 7
5, 8
5, 10
5, 8
5, 8
5, 9
5, 8
5, 12
5, 7
5, 8
5, 9
5, 8
5, 15
5, 7
5, 8
5, 8
5, 8
5, 7
5, 7
5, 8
5, 8
5, 8
5, 18
5, 8
5, 17
5, 8
5, 9
5, 9
5, 8
5, 8
5, 8
5, 8
5, 8
5, 9
5, 9
5, 8
5, 7
5, 8
5, 8
5, 8
5, 9
5, 8
5, 8
5, 8
5, 10
5, 8
5, 8
5, 9
5, 8
5, 9
5, 8
5, 8
5, 8
5, 10
5, 8
5, 8
5, 8
5, 8
5, 8
5, 8
5, 10
5, 10
5, 8
5, 8
5, 9
5, 9
5, 8
5, 9
5, 8
5, 7
5, 8
5, 8
5, 7
5, 8
5, 8
5, 8
5, 7
6, 10
6, 12
6, 13
6, 11
6, 10
6, 9
6, 9
6, 9
6, 9
6, 10
6, 9
6, 12
6, 10
6, 10
6, 9
6, 9
6, 9
6, 9
6, 9
6, 9
6, 10
6, 10
6, 9
6, 11
6, 10
6, 10
6, 9
6, 9
6, 10
6, 9
6, 9
6, 10
6, 9
6, 9
6, 9
6, 9
6, 10
6, 8
6, 10
6, 9
6, 9
6, 11
6, 9
6, 10
6, 9
6, 9
6, 12
6, 9
6, 9
6, 10
6, 10
6, 17
6, 9
6, 9
6, 10
6, 10
6, 9
6, 9
6, 9
6, 10
6, 9
6, 10
6, 9
6, 9
6, 12
6, 9
6, 9
6, 14
6, 10
6, 10
6, 9
6, 9
6, 9
6, 9
6, 9
7, 10
7, 11
7, 10
7, 10
7, 11
7, 11
7, 10
7, 10
7, 12
7, 10
7, 10
7, 10
7, 12
7, 14
7, 13
7, 17
7, 10
7, 11
7, 10
7, 20
7, 10
7, 11
7, 20
7, 10
7, 11
7, 29
7, 10
7, 10
7, 10
7, 10
7, 10
7, 10
7, 10
7, 10
7, 18
7, 10
7, 12
7, 10
7, 10
7, 10
7, 12
7, 10
7, 10
7, 9
7, 9
7, 9
7, 9
7, 10
7, 9
7, 10
7, 10
7, 13
7, 10
7, 10
7, 10
7, 11
7, 10
7, 10
7, 11
7, 10
7, 10
7, 10
7, 10
7, 10
7, 10
7, 10
7, 10
7, 10
7, 10
7, 10
7, 10
7, 10
7, 11
7, 10
7, 11
7, 10
7, 10
7, 10
8, 10
8, 11
8, 11
8, 11
8, 11
8, 11
8, 11
8, 11
8, 11
8, 12
8, 13
8, 10
8, 10
8, 11
8, 11
8, 12
8, 10
8, 10
8, 10
8, 10
8, 26
8, 20
8, 20
8, 11
8, 20
8, 10
8, 10
8, 11
8, 11
8, 11
8, 14
8, 11
8, 11
8, 10
8, 10
8, 11
8, 10
8, 10
8, 10
8, 10
8, 11
8, 11
8, 11
8, 10
8, 10
8, 11
8, 11
8, 10
8, 11
8, 10
8, 11
8, 10
8, 11
8, 12
8, 10
8, 10
8, 11
8, 10
8, 11
8, 13
8, 11
8, 10
8, 10
8, 10
8, 13
8, 11
8, 11
8, 11
8, 11
8, 10
8, 10
8, 9
8, 11
9, 13
9, 14
9, 12
9, 13
9, 15
9, 18
9, 12
9, 15
9, 13
9, 12
9, 12
9, 12
9, 13
9, 11
9, 12
9, 12
9, 12
9, 12
9, 11
9, 13
9, 12
9, 12
9, 14
9, 12
9, 13
9, 12
9, 16
9, 14
9, 12
9, 12
9, 13
9, 12
9, 13
9, 13
9, 12
9, 12
9, 13
9, 12
9, 12
9, 12
9, 12
9, 15
9, 12
9, 12
9, 12
9, 11
9, 11
9, 11
9, 11
9, 11
9, 13
9, 11
9, 12
9, 11
9, 11
9, 12
9, 12
9, 10
9, 12
9, 12
9, 12
9, 12
9, 14
9, 14
9, 12
9, 12
9, 12
9, 12
9, 12
9, 12
9, 12
9, 12
9, 12
9, 12
9, 14
9, 12
9, 13
9, 12
9, 15
9, 14
9, 12
9, 12
9, 12
10, 14
10, 14
10, 15
10, 17
10, 13
10, 13
10, 14
10, 13
10, 14
10, 14
10, 13
10, 14
10, 22
10, 16
10, 13
10, 14
10, 19
10, 12
10, 16
10, 14
10, 14
10, 16
10, 14
10, 13
10, 13
10, 13
10, 13
10, 13
10, 14
10, 16
10, 13
10, 14
10, 14
10, 15
10, 15
10, 13
10, 19
10, 15
10, 15
10, 14
10, 14
10, 14
10, 13
10, 13
10, 14
10, 14
10, 13
10, 14
10, 13
10, 14
10, 14
10, 14
10, 15
10, 12
10, 14
10, 13
10, 12
10, 13
10, 16
10, 13
10, 13
10, 14
10, 14
10, 15
10, 15
10, 16
10, 13
10, 15
10, 13
10, 13
10, 16
10, 13
10, 13
11, 15
11, 13
11, 14
11, 18
11, 13
11, 13
11, 13
11, 13
11, 15
11, 14
11, 25
11, 15
11, 14
11, 15
11, 14
11, 14
11, 14
11, 13
11, 14
11, 25
11, 13
11, 15
11, 14
11, 13
11, 14
11, 14
11, 13
11, 13
11, 13
11, 14
11, 15
11, 13
11, 13
11, 15
11, 16
11, 14
11, 16
11, 13
11, 14
11, 13
11, 14
11, 15
11, 16
11, 16
11, 15
11, 20
11, 14
11, 20
11, 13
11, 14
11, 14
11, 13
11, 13
11, 13
11, 14
11, 13
11, 14
11, 14
11, 15
11, 14
11, 16
11, 14
11, 16
11, 14
11, 14
11, 15
11, 14
11, 14
11, 14
11, 14
11, 14
11, 14
11, 19
11, 16
11, 14
11, 15
11, 15
11, 14
11, 13
11, 14
11, 13
12, 13
12, 12
12, 14
12, 12
12, 14
12, 13
12, 13
12, 14
12, 13
12, 13
12, 13
12, 15
12, 14
12, 13
12, 13
12, 14
12, 13
12, 14
12, 14
12, 14
12, 13
12, 14
12, 14
12, 17
12, 15
12, 14
12, 14
12, 14
12, 14
12, 14
12, 14
12, 14
12, 15
12, 14
12, 14
12, 14
12, 19
12, 16
12, 13
12, 14
12, 13
12, 14
12, 13
12, 14
12, 14
12, 13
12, 13
12, 15
12, 14
12, 13
12, 13
12, 16
12, 14
12, 14
12, 13
12, 13
12, 16
12, 16
12, 21
12, 13
12, 25
12, 14
12, 13
12, 16
12, 14
12, 14
12, 21
12, 14
12, 15
12, 14
12, 14
12, 26
12, 17
12, 13
12, 13
12, 15
12, 13
12, 14
13, 16
13, 14
13, 14
13, 17
13, 15
13, 14
13, 14
13, 16
13, 14
13, 14
13, 15
13, 14
13, 15
13, 14
13, 15
13, 14
13, 15
13, 14
13, 15
13, 17
13, 15
13, 17
13, 15
13, 16
13, 15
13, 15
13, 36
13, 16
13, 15
13, 15
13, 23
13, 15
13, 15
13, 14
13, 14
13, 15
13, 15
13, 14
13, 15
13, 15
13, 15
13, 14
13, 14
13, 14
13, 16
13, 14
13, 15
13, 15
13, 16
13, 14
13, 15
13, 20
13, 20
13, 15
13, 15
13, 16
13, 15
13, 16
13, 15
13, 17
13, 15
13, 14
13, 15
13, 20
13, 19
13, 14
13, 17
13, 15
13, 18
13, 15
13, 16
13, 17
14, 15
14, 17
14, 15
14, 16
14, 16
14, 15
14, 15
14, 14
14, 14
14, 15
14, 15
14, 15
14, 15
14, 16
14, 15
14, 16
14, 15
14, 16
14, 16
14, 16
14, 17
14, 25
14, 17
14, 18
14, 16
14, 16
14, 63
14, 16
14, 16
14, 16
14, 15
14, 16
14, 16
14, 16
14, 15
14, 15
14, 15
14, 16
14, 15
14, 15
14, 15
14, 15
14, 16
14, 16
14, 15
14, 16
14, 15
14, 26
14, 16
14, 15
14, 15
14, 16
14, 17
14, 17
14, 20
14, 22
14, 15
14, 15
14, 15
14, 19
14, 15
14, 15
14, 18
14, 17
14, 16
14, 18
14, 23
14, 21
14, 16
14, 17
14, 16
14, 15
14, 16
14, 16
14, 15
15, 17
15, 16
15, 20
15, 16
15, 15
15, 16
15, 17
15, 15
15, 16
15, 16
15, 16
15, 16
15, 16
15, 17
15, 17
15, 17
15, 16
15, 17
15, 16
15, 19
15, 17
15, 17
15, 16
15, 20
15, 16
15, 16
15, 16
15, 17
15, 16
15, 16
15, 17
15, 17
15, 17
15, 16
15, 17
15, 17
15, 18
15, 17
15, 17
15, 18
15, 17
15, 16
15, 16
15, 16
15, 19
15, 16
15, 16
15, 17
15, 17
15, 16
15, 16
15, 17
15, 16
15, 16
15, 17
15, 17
15, 17
15, 16
15, 18
15, 16
15, 17
15, 22
15, 24
15, 20
15, 17
15, 17
15, 19
15, 17
15, 19
15, 18
15, 16
15, 16
15, 17
15, 23
15, 20
15, 17
15, 20
15, 16
15, 19
15, 17
15, 16
15, 17
16, 17
16, 18
16, 16
16, 18
16, 16
16, 17
16, 17
16, 17
16, 17
16, 17
16, 18
16, 18
16, 20
16, 17
16, 17
16, 19
16, 18
16, 18
16, 19
16, 20
16, 18
16, 17
16, 18
16, 18
16, 18
16, 17
16, 17
16, 17
16, 19
16, 18
16, 18
16, 21
16, 19
16, 18
16, 18
16, 18
16, 18
16, 18
16, 18
16, 17
16, 18
16, 17
16, 18
16, 17
16, 20
16, 17
16, 17
16, 17
16, 17
16, 17
16, 17
16, 18
16, 18
16, 17
16, 18
16, 17
16, 24
16, 22
16, 18
16, 18
16, 18
16, 17
16, 19
16, 18
16, 17
16, 18
16, 18
16, 18
16, 24
16, 22
16, 18
16, 20
16, 18
16, 18
16, 17
16, 18
16, 17
17, 19
17, 19
17, 18
17, 19
17, 18
17, 18
17, 18
17, 18
17, 18
17, 18
17, 18
17, 21
17, 20
17, 18
17, 21
17, 19
17, 19
17, 19
17, 21
17, 19
17, 19
17, 19
17, 21
17, 22
17, 19
17, 20
17, 19
17, 20
17, 19
17, 19
17, 19
17, 21
17, 19
17, 21
17, 18
17, 19
17, 18
17, 18
17, 19
17, 21
17, 19
17, 19
17, 18
17, 18
17, 21
17, 19
17, 19
17, 18
17, 21
17, 19
17, 18
17, 20
17, 19
17, 19
17, 25
17, 25
17, 18
17, 19
17, 19
17, 19
17, 21
17, 19
17, 19
17, 18
17, 18
17, 18
17, 24
17, 23
17, 19
17, 21
17, 18
17, 20
17, 22
17, 18
17, 19
18, 20
18, 19
18, 19
18, 19
18, 18
18, 18
18, 20
18, 19
18, 22
18, 19
18, 20
18, 21
18, 20
18, 20
18, 22
18, 21
18, 24
18, 20
18, 21
18, 21
18, 19
18, 21
18, 20
18, 20
18, 20
18, 20
18, 19
18, 21
18, 22
18, 20
18, 20
18, 20
18, 20
18, 19
18, 19
18, 19
18, 20
18, 22
18, 19
18, 19
18, 19
18, 23
18, 20
18, 19
18, 22
18, 20
18, 19
18, 20
18, 20
18, 19
18, 20
18, 19
18, 21
18, 22
18, 26
18, 29
18, 23
18, 19
18, 19
18, 19
18, 20
18, 19
18, 20
18, 21
18, 20
18, 21
18, 26
18, 25
18, 20
18, 24
18, 22
18, 19
18, 20
18, 22
18, 21
19, 17
19, 18
19, 19
19, 21
19, 19
19, 18
19, 17
19, 18
19, 17
19, 18
19, 19
19, 19
19, 19
19, 19
19, 22
19, 20
19, 20
19, 19
19, 21
19, 20
19, 19
19, 18
19, 20
19, 19
19, 19
19, 18
19, 20
19, 20
19, 19
19, 21
19, 19
19, 19
19, 19
19, 19
19, 19
19, 19
19, 19
19, 20
19, 20
19, 19
19, 20
19, 19
19, 24
19, 18
19, 18
19, 19
19, 18
19, 19
19, 20
19, 18
19, 18
19, 18
19, 18
19, 18
19, 18
19, 18
19, 18
19, 19
19, 19
19, 19
19, 19
19, 18
19, 18
19, 19
19, 24
19, 26
19, 22
19, 19
19, 19
19, 28
19, 19
19, 21
19, 21
19, 19
19, 21
19, 18
19, 24
19, 23
19, 29
19, 21
19, 19
19, 20
19, 18
19, 18
19, 18
20, 18
20, 18
20, 18
20, 24
20, 19
20, 19
20, 20
20, 18
20, 18
20, 18
20, 19
20, 20
20, 20
20, 20
20, 23
20, 18
20, 20
20, 18
20, 18
20, 19
20, 20
20, 19
20, 20
20, 20
20, 20
20, 20
20, 19
20, 19
20, 19
20, 19
20, 19
20, 19
20, 18
20, 18
20, 20
20, 18
20, 18
20, 20
20, 19
20, 19
20, 18
20, 18
20, 19
20, 19
20, 18
20, 18
20, 19
20, 29
20, 18
20, 18
20, 19
20, 20
20, 25
20, 26
20, 20
20, 19
20, 20
20, 18
20, 20
20, 19
20, 19
20, 18
20, 20
20, 19
20, 25
20, 23
20, 20
20, 21
20, 19
20, 21
20, 19
20, 19
20, 18
21, 19
21, 19
21, 20
21, 19
21, 20
21, 19
21, 21
21, 20
21, 19
21, 19
21, 20
21, 20
21, 20
21, 20
21, 20
21, 20
21, 20
21, 20
21, 19
21, 19
21, 20
21, 21
21, 22
21, 21
21, 22
21, 23
21, 21
21, 36
21, 21
21, 21
21, 20
21, 21
21, 23
21, 19
21, 20
21, 19
21, 19
21, 20
21, 19
21, 19
21, 20
21, 19
21, 19
21, 21
21, 20
21, 19
21, 20
21, 22
21, 21
21, 20
21, 21
21, 41
21, 20
21, 27
21, 36
21, 20
21, 20
21, 20
21, 21
21, 19
21, 19
21, 20
21, 20
21, 21
21, 21
21, 27
21, 24
21, 20
21, 38
21, 21
21, 21
21, 20
21, 20
21, 20
22, 20
22, 21
22, 22
22, 20
22, 24
22, 21
22, 22
22, 20
22, 28
22, 23
22, 23
22, 21
22, 21
22, 21
22, 21
22, 20
22, 22
22, 21
22, 21
22, 21
22, 33
22, 21
22, 22
22, 22
22, 22
22, 23
22, 21
22, 21
22, 37
22, 21
22, 23
22, 22
22, 21
22, 22
22, 22
22, 20
22, 20
22, 20
22, 24
22, 20
22, 20
22, 21
22, 23
22, 21
22, 20
22, 22
22, 24
22, 26
22, 22
22, 21
22, 21
22, 20
22, 21
22, 21
22, 21
22, 27
22, 52
22, 21
22, 21
22, 21
22, 21
22, 23
22, 23
22, 21
22, 21
22, 21
22, 24
22, 29
22, 26
22, 20
22, 23
22, 22
22, 21
22, 20
22, 21
22, 21
23, 24
23, 30
23, 24
23, 23
23, 24
23, 24
23, 24
23, 24
23, 24
23, 24
23, 22
23, 22
23, 22
23, 22
23, 22
23, 22
23, 23
23, 24
23, 22
23, 22
23, 23
23, 26
23, 22
23, 23
23, 22
23, 28
23, 24
23, 24
23, 23
23, 23
23, 23
23, 22
23, 23
23, 22
23, 23
23, 22
23, 25
23, 22
23, 22
23, 23
23, 23
23, 23
23, 24
23, 23
23, 22
23, 22
23, 23
23, 24
23, 21
23, 22
23, 22
23, 22
23, 22
23, 24
23, 23
23, 24
23, 24
23, 23
23, 24
23, 23
23, 23
23, 24
23, 35
23, 30
23, 35
23, 22
23, 27
23, 23
23, 23
23, 22
23, 24
23, 22
23, 24
23, 23
23, 22
23, 30
23, 29
23, 22
23, 24
23, 23
23, 24
23, 21
23, 23
23, 21
24, 26
24, 24
24, 25
24, 29
24, 22
24, 24
24, 22
24, 22
24, 25
24, 23
24, 23
24, 24
24, 25
24, 24
24, 24
24, 23
24, 26
24, 25
24, 36
24, 26
24, 23
24, 25
24, 39
24, 25
24, 23
24, 28
24, 25
24, 24
24, 24
24, 23
24, 23
24, 23
24, 24
24, 30
24, 23
24, 25
24, 25
24, 23
24, 23
24, 24
24, 23
24, 24
24, 23
24, 26
24, 23
24, 23
24, 22
24, 23
24, 22
24, 23
24, 24
24, 44
24, 24
24, 87
24, 24
24, 25
24, 26
24, 25
24, 24
24, 23
24, 24
24, 34
24, 39
24, 23
24, 24
24, 22
24, 24
24, 25
24, 25
24, 23
24, 25
24, 23
24, 25
24, 32
24, 31
24, 29
24, 25
24, 26
24, 23
24, 23
24, 23
24, 25
25, 23
25, 23
25, 23
25, 23
25, 24
25, 31
25, 24
25, 23
25, 23
25, 23
25, 26
25, 25
25, 38
25, 36
25, 24
25, 27
25, 25
25, 25
25, 26
25, 26
25, 25
25, 26
25, 25
25, 24
25, 24
25, 24
25, 24
25, 24
25, 25
25, 25
25, 24
25, 24
25, 25
25, 25
25, 27
25, 26
25, 28
25, 25
25, 24
25, 23
25, 24
25, 25
25, 25
25, 26
25, 26
25, 24
25, 24
25, 25
25, 26
25, 24
25, 25
25, 25
25, 25
25, 24
25, 24
25, 24
25, 28
25, 28
25, 24
25, 25
25, 56
25, 25
25, 24
25, 29
25, 25
25, 25
25, 24
25, 24
25, 25
25, 25
25, 24
25, 39
25, 35
25, 26
25, 31
25, 25
25, 28
25, 24
25, 24
25, 23
26, 37
26, 25
26, 24
26, 25
26, 24
26, 24
26, 24
26, 24
26, 24
26, 24
26, 33
26, 29
26, 25
26, 25
26, 26
26, 35
26, 28
26, 25
26, 29
26, 29
26, 29
26, 25
26, 26
26, 26
26, 29
26, 32
26, 25
26, 25
26, 25
26, 26
26, 27
26, 27
26, 28
26, 25
26, 26
26, 26
26, 28
26, 29
26, 25
26, 30
26, 29
26, 26
26, 25
26, 27
26, 24
26, 28
26, 25
26, 26
26, 24
26, 24
26, 24
26, 29
26, 26
26, 24
26, 35
26, 26
26, 27
26, 26
26, 25
26, 25
26, 28
26, 27
26, 27
26, 29
26, 25
26, 40
26, 25
26, 25
26, 26
26, 26
26, 25
26, 24
26, 27
26, 28
26, 25
26, 35
26, 39
26, 36
26, 28
26, 30
26, 27
26, 26
26, 29
26, 24
26, 25
27, 25
27, 25
27, 28
27, 26
27, 27
27, 29
27, 25
27, 26
27, 27
27, 25
27, 28
27, 28
27, 26
27, 30
27, 27
27, 26
27, 27
27, 27
27, 29
27, 28
27, 26
27, 30
27, 26
27, 29
27, 27
27, 33
27, 26
27, 26
27, 27
27, 26
27, 28
27, 28
27, 27
27, 28
27, 25
27, 33
27, 28
27, 26
27, 28
27, 31
27, 26
27, 30
27, 25
27, 25
27, 25
27, 28
27, 26
27, 25
27, 25
27, 26
27, 29
27, 30
27, 28
27, 26
27, 30
27, 25
27, 26
27, 26
27, 25
27, 25
27, 25
27, 27
27, 42
27, 34
27, 27
27, 29
27, 26
27, 29
27, 31
27, 27
27, 26
27, 26
27, 26
27, 25
27, 37
27, 26
27, 29
27, 27
27, 25
27, 25
27, 29
27, 25
28, 26
28, 26
28, 25
28, 25
28, 25
28, 27
28, 27
28, 26
28, 26
28, 25
28, 29
28, 35
28, 27
28, 28
28, 26
28, 27
28, 27
28, 28
28, 27
28, 26
28, 30
28, 27
28, 27
28, 30
28, 29
28, 29
28, 27
28, 27
28, 30
28, 30
28, 42
28, 28
28, 27
28, 26
28, 28
28, 29
28, 28
28, 26
28, 29
28, 26
28, 30
28, 26
28, 31
28, 26
28, 29
28, 29
28, 26
28, 26
28, 29
28, 26
28, 28
28, 27
28, 33
28, 27
28, 30
28, 43
28, 30
28, 30
28, 26
28, 26
28, 29
28, 28
28, 31
28, 28
28, 26
28, 30
28, 26
28, 35
28, 28
28, 31
28, 26
28, 27
28, 30
28, 26
28, 27
29, 28
29, 33
29, 28
29, 29
29, 29
29, 28
29, 30
29, 27
29, 29
29, 28
29, 29
29, 28
29, 30
29, 30
29, 29
29, 28
29, 30
29, 41
29, 29
29, 28
29, 28
29, 29
29, 30
29, 30
29, 34
29, 29
29, 33
29, 30
29, 30
29, 38
29, 31
29, 29
29, 27
29, 26
29, 37
29, 32
29, 27
29, 27
29, 28
29, 27
29, 27
29, 28
29, 34
29, 29
29, 28
29, 29
29, 29
29, 44
29, 29
29, 28
29, 29
29, 28
29, 32
29, 90
29, 28
29, 35
29, 28
29, 29
29, 28
29, 29
29, 30
29, 29
29, 29
29, 29
29, 28
29, 40
29, 29
29, 34
29, 29
29, 28
29, 32
29, 29
29, 28
30, 29
30, 28
30, 30
30, 30
30, 29
30, 29
30, 30
30, 29
30, 37
30, 28
30, 31
30, 29
30, 30
30, 29
30, 29
30, 29
30, 29
30, 30
30, 30
30, 32
30, 35
30, 42
30, 35
30, 36
30, 36
30, 32
30, 31
30, 31
30, 31
30, 33
30, 36
30, 32
30, 29
30, 29
30, 28
30, 29
30, 28
30, 31
30, 28
30, 28
30, 32
30, 28
30, 29
30, 29
30, 29
30, 29
30, 35
30, 30
30, 41
30, 29
30, 28
30, 28
30, 29
30, 47
30, 31
30, 30
30, 30
30, 31
30, 31
30, 29
30, 31
30, 33
30, 29
30, 31
30, 29
30, 41
30, 42
30, 39
30, 36
30, 35
30, 36
30, 34
30, 31
31, 33
31, 29
31, 30
31, 34
31, 30
31, 34
31, 35
31, 29
31, 35
31, 30
31, 31
31, 31
31, 30
31, 34
31, 30
31, 30
31, 36
31, 30
31, 29
31, 30
31, 32
31, 32
31, 32
31, 37
31, 30
31, 36
31, 34
31, 32
31, 34
31, 34
31, 31
31, 31
31, 34
31, 33
31, 31
31, 29
31, 31
31, 30
31, 33
31, 32
31, 33
31, 30
31, 37
31, 29
31, 32
31, 36
31, 31
31, 30
31, 31
31, 31
31, 29
31, 30
31, 29
31, 44
31, 30
31, 47
31, 32
31, 33
31, 32
31, 32
31, 30
31, 30
31, 35
31, 32
31, 32
31, 30
31, 31
31, 42
31, 43
31, 38
31, 29
31, 32
31, 30
31, 31
31, 29
32, 29
32, 31
32, 34
32, 38
32, 29
32, 31
32, 29
32, 29
32, 31
32, 31
32, 30
32, 31
32, 34
32, 32
32, 30
32, 34
32, 36
32, 32
32, 31
32, 34
32, 35
32, 32
32, 32
32, 41
32, 34
32, 33
32, 33
32, 49
32, 48
32, 49
32, 53
32, 47
32, 49
32, 31
32, 29
32, 33
32, 34
32, 30
32, 30
32, 33
32, 30
32, 31
32, 30
32, 32
32, 32
32, 36
32, 30
32, 33
32, 34
32, 34
32, 31
32, 33
32, 32
32, 31
32, 48
32, 34
32, 34
32, 37
32, 33
32, 34
32, 32
32, 34
32, 37
32, 34
32, 35
32, 31
32, 42
32, 42
32, 37
32, 33
32, 31
32, 33
32, 36
32, 31
33, 31
33, 33
33, 34
33, 32
33, 30
33, 31
33, 30
33, 34
33, 30
33, 35
33, 38
33, 32
33, 34
33, 32
33, 37
33, 34
33, 45
33, 39
33, 34
33, 39
33, 49
33, 52
33, 48
33, 50
33, 51
33, 49
33, 51
33, 48
33, 50
33, 52
33, 37
33, 31
33, 34
33, 33
33, 33
33, 44
33, 42
33, 46
33, 39
33, 41
33, 37
33, 33
33, 36
33, 34
33, 32
33, 33
33, 36
33, 37
33, 32
33, 34
33, 34
33, 53
33, 36
33, 34
33, 34
33, 33
33, 33
33, 35
33, 35
33, 35
33, 33
33, 35
33, 37
33, 45
33, 45
33, 42
33, 34
33, 33
33, 35
33, 32
33, 37
34, 30
34, 32
34, 30
34, 28
34, 35
34, 29
34, 29
34, 32
34, 31
34, 30
34, 29
34, 29
34, 30
34, 33
34, 30
34, 45
34, 31
34, 29
34, 29
34, 31
34, 45
34, 42
34, 30
34, 33
34, 33
34, 31
34, 34
34, 31
34, 32
34, 30
34, 32
34, 34
34, 35
34, 30
34, 32
34, 32
34, 42
34, 41
34, 39
34, 40
34, 41
34, 41
34, 40
34, 44
34, 41
34, 38
34, 29
34, 28
34, 29
34, 32
34, 35
34, 31
34, 29
34, 29
34, 28
34, 30
34, 29
34, 51
34, 30
34, 30
34, 32
34, 30
34, 31
34, 31
34, 34
34, 30
34, 30
34, 31
34, 30
34, 42
34, 40
34, 36
34, 29
34, 30
34, 37
34, 29
34, 30
35, 29
35, 32
35, 31
35, 29
35, 31
35, 30
35, 30
35, 32
35, 34
35, 29
35, 33
35, 36
35, 32
35, 30
35, 33
35, 29
35, 33
35, 32
35, 30
35, 30
35, 35
35, 32
35, 36
35, 33
35, 32
35, 31
35, 31
35, 31
35, 43
35, 34
35, 30
35, 31
35, 32
35, 32
35, 31
35, 32
35, 37
35, 30
35, 39
35, 39
35, 40
35, 39
35, 42
35, 40
35, 40
35, 40
35, 33
35, 32
35, 31
35, 33
35, 32
35, 30
35, 32
35, 31
35, 29
35, 30
35, 30
35, 42
35, 29
35, 57
35, 31
35, 34
35, 32
35, 30
35, 31
35, 31
35, 30
35, 30
35, 37
35, 32
35, 30
35, 42
35, 44
35, 36
35, 31
35, 33
35, 33
35, 34
35, 32
36, 35
36, 30
36, 33
36, 32
36, 34
36, 33
36, 35
36, 29
36, 32
36, 30
36, 34
36, 30
36, 32
36, 34
36, 32
36, 33
36, 36
36, 37
36, 49
36, 32
36, 38
36, 33
36, 32
36, 32
36, 34
36, 32
36, 36
36, 36
36, 36
36, 32
36, 34
36, 33
36, 32
36, 35
36, 32
36, 30
36, 31
36, 30
36, 31
36, 30
36, 29
36, 32
36, 29
36, 32
36, 33
36, 33
36, 30
36, 33
36, 34
36, 32
36, 31
36, 32
36, 30
36, 34
36, 31
36, 59
36, 32
36, 31
36, 35
36, 37
36, 32
36, 33
36, 34
36, 33
36, 34
36, 32
36, 35
36, 43
36, 42
36, 38
36, 36
36, 31
36, 32
36, 33
36, 33
37, 30
37, 33
37, 35
37, 33
37, 34
37, 33
37, 33
37, 30
37, 30
37, 30
37, 56
37, 34
37, 34
37, 33
37, 51
37, 37
37, 34
37, 36
37, 35
37, 34
37, 35
37, 35
37, 34
37, 36
37, 35
37, 36
37, 37
37, 44
37, 34
37, 36
37, 34
37, 37
37, 37
37, 36
37, 37
37, 36
37, 36
37, 33
37, 34
37, 36
37, 34
37, 34
37, 35
37, 43
37, 33
37, 37
37, 36
37, 36
37, 30
37, 31
37, 31
37, 36
37, 34
37, 33
37, 32
37, 32
37, 32
37, 35
37, 37
37, 33
37, 33
37, 35
37, 35
37, 54
37, 33
37, 32
37, 35
37, 33
37, 53
37, 37
37, 32
37, 32
37, 37
37, 32
37, 34
37, 35
37, 34
37, 35
37, 32
37, 32
37, 43
37, 44
37, 39
37, 33
37, 33
37, 37
37, 37
37, 31
38, 31
38, 31
38, 32
38, 31
38, 32
38, 32
38, 36
38, 31
38, 31
38, 33
38, 37
38, 35
38, 39
38, 39
38, 40
38, 38
38, 37
38, 35
38, 37
38, 36
38, 37
38, 38
38, 35
38, 37
38, 37
38, 37
38, 39
38, 36
38, 37
38, 36
38, 36
38, 40
38, 37
38, 36
38, 37
38, 39
38, 35
38, 51
38, 52
38, 51
38, 49
38, 51
38, 50
38, 44
38, 34
38, 33
38, 32
38, 35
38, 31
38, 35
38, 34
38, 33
38, 32
38, 32
38, 54
38, 38
38, 37
38, 36
38, 54
38, 52
38, 34
38, 38
38, 35
38, 38
38, 34
38, 49
38, 35
38, 36
38, 39
38, 39
38, 35
38, 35
38, 36
38, 36
38, 36
38, 54
38, 36
38, 43
38, 47
38, 39
38, 34
38, 35
38, 36
38, 33
38, 40
39, 33
39, 34
39, 32
39, 32
39, 33
39, 36
39, 35
39, 35
39, 33
39, 37
39, 38
39, 37
39, 38
39, 36
39, 39
39, 37
39, 36
39, 37
39, 36
39, 37
39, 52
39, 55
39, 55
39, 51
39, 52
39, 45
39, 51
39, 51
39, 50
39, 46
39, 59
39, 50
39, 53
39, 36
39, 38
39, 34
39, 35
39, 34
39, 33
39, 33
39, 42
39, 33
39, 35
39, 37
39, 36
39, 37
39, 34
39, 37
39, 36
39, 34
39, 37
39, 38
39, 36
39, 35
39, 66
39, 36
39, 38
39, 36
39, 35
39, 38
39, 35
39, 35
39, 40
39, 38
39, 36
39, 36
39, 45
39, 43
39, 41
39, 34
39, 37
39, 37
39, 35
39, 35
40, 33
40, 36
40, 35
40, 34
40, 35
40, 33
40, 35
40, 37
40, 35
40, 33
40, 37
40, 35
40, 36
40, 39
40, 37
40, 40
40, 37
40, 35
40, 37
40, 38
40, 52
40, 40
40, 37
40, 37
40, 42
40, 41
40, 40
40, 39
40, 41
40, 38
40, 37
40, 40
40, 36
40, 37
40, 37
40, 37
40, 35
40, 43
40, 39
40, 38
40, 37
40, 41
40, 36
40, 38
40, 36
40, 35
40, 36
40, 36
40, 40
40, 35
40, 51
40, 51
40, 50
40, 54
40, 51
40, 51
40, 36
40, 60
40, 39
40, 39
40, 38
40, 39
40, 37
40, 40
40, 48
40, 39
40, 36
40, 37
40, 37
40, 44
40, 46
40, 43
40, 37
40, 40
40, 40
40, 38
40, 36
41, 36
41, 34
41, 36
41, 34
41, 38
41, 34
41, 38
41, 34
41, 35
41, 37
41, 37
41, 39
41, 38
41, 37
41, 39
41, 39
41, 37
41, 37
41, 39
41, 37
41, 41
41, 41
41, 37
41, 41
41, 37
41, 41
41, 45
41, 63
41, 51
41, 52
41, 51
41, 54
41, 53
41, 53
41, 60
41, 52
41, 48
41, 53
41, 53
41, 37
41, 36
41, 35
41, 35
41, 38
41, 35
41, 35
41, 36
41, 37
41, 36
41, 50
41, 51
41, 50
41, 52
41, 49
41, 52
41, 54
41, 57
41, 50
41, 51
41, 37
41, 54
41, 39
41, 38
41, 38
41, 37
41, 38
41, 39
41, 37
41, 40
41, 41
41, 37
41, 39
41, 46
41, 43
41, 42
41, 39
41, 36
41, 37
41, 39
41, 38
42, 38
42, 38
42, 37
42, 36
42, 37
42, 36
42, 35
42, 38
42, 35
42, 37
42, 40
42, 37
42, 39
42, 40
42, 39
42, 40
42, 38
42, 40
42, 37
42, 42
42, 54
42, 53
42, 52
42, 56
42, 60
42, 50
42, 39
42, 41
42, 43
42, 42
42, 41
42, 40
42, 42
42, 40
42, 42
42, 43
42, 42
42, 38
42, 37
42, 40
42, 38
42, 40
42, 36
42, 38
42, 36
42, 39
42, 36
42, 54
42, 51
42, 52
42, 53
42, 51
42, 50
42, 53
42, 59
42, 51
42, 56
42, 38
42, 59
42, 38
42, 42
42, 40
42, 39
42, 47
42, 38
42, 38
42, 38
42, 40
42, 39
42, 40
42, 47
42, 44
42, 48
42, 39
42, 48
42, 40
42, 41
42, 37
43, 36
43, 38
43, 38
43, 36
43, 38
43, 36
43, 36
43, 36
43, 37
43, 47
43, 38
43, 38
43, 40
43, 40
43, 47
43, 38
43, 38
43, 40
43, 38
43, 41
43, 40
43, 43
43, 58
43, 41
43, 46
43, 44
43, 52
43, 40
43, 42
43, 40
43, 41
43, 50
43, 54
43, 53
43, 44
43, 41
43, 42
43, 41
43, 40
43, 41
43, 43
43, 39
43, 42
43, 44
43, 59
43, 43
43, 38
43, 41
43, 36
43, 39
43, 37
43, 39
43, 37
43, 39
43, 39
43, 39
43, 53
43, 52
43, 53
43, 52
43, 52
43, 54
43, 52
43, 59
43, 55
43, 59
43, 38
43, 69
43, 40
43, 41
43, 41
43, 39
43, 43
43, 40
43, 40
43, 41
43, 42
43, 40
43, 42
43, 56
43, 48
43, 53
43, 40
43, 43
43, 41
43, 42
43, 49
44, 47
44, 38
44, 37
44, 38
44, 41
44, 38
44, 40
44, 37
44, 41
44, 38
44, 40
44, 39
44, 39
44, 39
44, 41
44, 41
44, 38
44, 39
44, 39
44, 43
44, 60
44, 58
44, 58
44, 41
44, 44
44, 43
44, 41
44, 41
44, 42
44, 61
44, 43
44, 40
44, 42
44, 39
44, 42
44, 39
44, 39
44, 37
44, 41
44, 37
44, 39
44, 54
44, 54
44, 55
44, 54
44, 42
44, 41
44, 41
44, 47
44, 40
44, 42
44, 39
44, 57
44, 44
44, 46
44, 42
44, 39
44, 39
44, 51
44, 39
44, 41
44, 42
44, 39
44, 39
44, 50
44, 45
44, 54
44, 40
44, 40
44, 44
44, 41
44, 39
45, 39
45, 38
45, 40
45, 38
45, 39
45, 37
45, 37
45, 42
45, 38
45, 37
45, 52
45, 44
45, 42
45, 39
45, 40
45, 42
45, 42
45, 40
45, 42
45, 41
45, 42
45, 47
45, 44
45, 42
45, 42
45, 45
45, 42
45, 43
45, 41
45, 43
45, 43
45, 43
45, 43
45, 38
45, 38
45, 39
45, 40
45, 40
45, 40
45, 47
45, 38
45, 41
45, 40
45, 42
45, 41
45, 40
45, 41
45, 41
45, 44
45, 40
45, 44
45, 40
45, 42
45, 40
45, 64
45, 52
45, 42
45, 51
45, 42
45, 42
45, 40
45, 41
45, 42
45, 42
45, 52
45, 41
45, 51
45, 49
45, 54
45, 39
45, 40
45, 42
45, 40
45, 43
46, 38
46, 38
46, 46
46, 39
46, 50
46, 38
46, 39
46, 39
46, 39
46, 40
46, 41
46, 40
46, 42
46, 40
46, 45
46, 42
46, 41
46, 45
46, 43
46, 42
46, 42
46, 44
46, 41
46, 45
46, 42
46, 44
46, 42
46, 44
46, 43
46, 45
46, 43
46, 43
46, 45
46, 40
46, 38
46, 46
46, 43
46, 41
46, 41
46, 41
46, 39
46, 40
46, 39
46, 44
46, 43
46, 42
46, 44
46, 43
46, 41
46, 44
46, 41
46, 43
46, 42
46, 41
46, 67
46, 41
46, 47
46, 43
46, 43
46, 41
46, 41
46, 42
46, 45
46, 41
46, 42
46, 42
46, 50
46, 58
46, 54
46, 43
46, 42
46, 44
46, 43
46, 40
47, 40
47, 39
47, 40
47, 41
47, 43
47, 40
47, 46
47, 41
47, 52
47, 39
47, 44
47, 41
47, 41
47, 41
47, 43
47, 44
47, 43
47, 43
47, 44
47, 46
47, 46
47, 46
47, 46
47, 44
47, 47
47, 45
47, 46
47, 45
47, 44
47, 47
47, 47
47, 43
47, 47
47, 46
47, 42
47, 40
47, 41
47, 40
47, 41
47, 42
47, 42
47, 42
47, 44
47, 42
47, 43
47, 43
47, 44
47, 43
47, 43
47, 43
47, 46
47, 43
47, 44
47, 51
47, 40
47, 60
47, 42
47, 41
47, 44
47, 42
47, 43
47, 45
47, 42
47, 53
47, 42
47, 42
47, 41
47, 51
47, 48
47, 54
47, 44
47, 41
47, 44
47, 46
47, 45
48, 39
48, 44
48, 41
48, 42
48, 42
48, 41
48, 40
48, 41
48, 45
48, 39
48, 44
48, 42
48, 47
48, 42
48, 44
48, 42
48, 42
48, 43
48, 46
48, 42
48, 45
48, 45
48, 42
48, 43
48, 46
48, 45
48, 46
48, 45
48, 44
48, 46
48, 43
48, 45
48, 45
48, 40
48, 40
48, 40
48, 40
48, 41
48, 41
48, 40
48, 40
48, 43
48, 43
48, 48
48, 43
48, 62
48, 44
48, 44
48, 63
48, 47
48, 52
48, 44
48, 45
48, 44
48, 61
48, 44
48, 44
48, 46
48, 47
48, 43
48, 47
48, 43
48, 44
48, 44
48, 42
48, 44
48, 52
48, 50
48, 56
48, 44
48, 44
48, 42
48, 42
48, 42
49, 44
49, 40
49, 42
49, 40
49, 42
49, 41
49, 43
49, 41
49, 43
49, 40
49, 45
49, 46
49, 44
49, 45
49, 45
49, 46
49, 45
49, 45
49, 45
49, 45
49, 44
49, 46
49, 44
49, 46
49, 45
49, 45
49, 58
49, 44
49, 44
49, 46
49, 46
49, 46
49, 65
49, 59
49, 58
49, 61
49, 71
49, 64
49, 64
49, 43
49, 42
49, 43
49, 47
49, 43
49, 44
49, 43
49, 43
49, 41
49, 45
49, 65
49, 44
49, 46
49, 47
49, 46
49, 48
49, 45
49, 48
49, 46
49, 45
49, 60
49, 78
49, 44
49, 45
49, 46
49, 44
49, 47
49, 47
49, 46
49, 47
49, 43
49, 46
49, 43
49, 43
49, 49
49, 60
49, 45
49, 47
49, 49
49, 47
49, 44
50, 41
50, 43
50, 43
50, 42
50, 42
50, 42
50, 44
50, 43
50, 43
50, 44
50, 48
50, 48
50, 45
50, 46
50, 47
50, 66
50, 59
50, 62
50, 57
50, 61
50, 61
50, 65
50, 62
50, 62
50, 59
50, 63
50, 59
50, 63
50, 70
50, 47
50, 46
50, 48
50, 46
50, 47
50, 47
50, 42
50, 46
50, 42
50, 44
50, 44
50, 46
50, 48
50, 44
50, 45
50, 67
50, 45
50, 44
50, 48
50, 48
50, 47
50, 48
50, 46
50, 55
50, 46
50, 43
50, 71
50, 46
50, 44
50, 46
50, 48
50, 47
50, 45
50, 47
50, 46
50, 45
50, 47
50, 46
50, 43
50, 52
50, 61
50, 51
50, 45
50, 46
50, 45
50, 46
51, 43
51, 42
51, 44
51, 43
51, 45
51, 43
51, 43
51, 42
51, 44
51, 54
51, 58
51, 56
51, 60
51, 60
51, 60
51, 67
51, 61
51, 63
51, 59
51, 63
51, 46
51, 46
51, 47
51, 47
51, 47
51, 47
51, 67
51, 47
51, 48
51, 47
51, 50
51, 50
51, 56
51, 50
51, 49
51, 43
51, 45
51, 43
51, 48
51, 45
51, 45
51, 44
51, 45
51, 47
51, 43
51, 47
51, 47
51, 47
51, 47
51, 48
51, 47
51, 46
51, 47
51, 48
51, 60
51, 44
51, 72
51, 47
51, 47
51, 47
51, 45
51, 47
51, 47
51, 45
51, 48
51, 46
51, 48
51, 44
51, 48
51, 54
51, 62
51, 45
51, 48
51, 48
51, 47
51, 45
52, 47
52, 43
52, 44
52, 46
52, 52
52, 42
52, 44
52, 43
52, 44
52, 45
52, 65
52, 59
52, 67
52, 65
52, 58
52, 59
52, 66
52, 59
52, 62
52, 65
52, 57
52, 48
52, 48
52, 48
52, 63
52, 57
52, 48
52, 48
52, 52
52, 50
52, 49
52, 50
52, 47
52, 44
52, 47
52, 45
52, 44
52, 45
52, 46
52, 43
52, 44
52, 45
52, 66
52, 63
52, 62
52, 61
52, 45
52, 62
52, 46
52, 48
52, 46
52, 46
52, 50
52, 54
52, 48
52, 50
52, 48
52, 46
52, 47
52, 46
52, 55
52, 51
52, 50
52, 47
52, 45
52, 46
52, 45
53, 44
53, 43
53, 46
53, 51
53, 43
53, 43
53, 44
53, 44
53, 46
53, 45
53, 63
53, 112
53, 49
53, 47
53, 47
53, 47
53, 46
53, 49
53, 46
53, 49
53, 53
53, 50
53, 53
53, 51
53, 69
53, 49
53, 59
53, 49
53, 51
53, 49
53, 51
53, 52
53, 47
53, 45
53, 46
53, 49
53, 45
53, 46
53, 44
53, 46
53, 49
53, 44
53, 46
53, 54
53, 50
53, 49
53, 51
53, 57
53, 50
53, 46
53, 48
53, 49
53, 48
53, 46
53, 46
53, 47
53, 53
53, 66
53, 48
53, 46
53, 46
53, 48
53, 50
54, 44
54, 46
54, 46
54, 44
54, 46
54, 47
54, 44
54, 45
54, 46
54, 44
54, 48
54, 47
54, 50
54, 50
54, 50
54, 48
54, 50
54, 49
54, 49
54, 50
54, 52
54, 60
54, 53
54, 61
54, 52
54, 51
54, 56
54, 50
54, 50
54, 53
54, 52
54, 53
54, 50
54, 51
54, 48
54, 47
54, 48
54, 46
54, 46
54, 55
54, 47
54, 45
54, 50
54, 48
54, 47
54, 62
54, 50
54, 50
54, 50
54, 50
54, 48
54, 47
54, 50
54, 48
54, 49
54, 50
54, 46
54, 52
54, 54
54, 65
54, 48
54, 47
54, 48
54, 50
54, 47
55, 46
55, 47
55, 45
55, 52
55, 48
55, 46
55, 46
55, 47
55, 45
55, 45
55, 50
55, 47
55, 49
55, 62
55, 48
55, 49
55, 47
55, 49
55, 48
55, 58
55, 54
55, 49
55, 49
55, 51
55, 49
55, 50
55, 53
55, 55
55, 54
55, 54
55, 54
55, 53
55, 50
55, 51
55, 52
55, 52
55, 52
55, 51
55, 48
55, 49
55, 46
55, 48
55, 48
55, 46
55, 46
55, 49
55, 46
55, 50
55, 49
55, 60
55, 48
55, 53
55, 49
55, 51
55, 50
55, 52
55, 51
55, 49
55, 48
55, 65
55, 47
55, 47
55, 52
55, 65
55, 53
55, 47
55, 50
55, 48
55, 63
56, 45
56, 45
56, 46
56, 48
56, 48
56, 45
56, 54
56, 48
56, 48
56, 47
56, 58
56, 49
56, 49
56, 50
56, 48
56, 48
56, 48
56, 48
56, 48
56, 52
56, 54
56, 52
56, 54
56, 68
56, 53
56, 51
56, 54
56, 51
56, 52
56, 52
56, 57
56, 54
56, 69
56, 51
56, 46
56, 46
56, 48
56, 49
56, 49
56, 49
56, 50
56, 48
56, 47
56, 49
56, 61
56, 68
56, 51
56, 50
56, 52
56, 52
56, 51
56, 49
56, 49
56, 51
56, 49
56, 63
56, 49
56, 48
56, 56
56, 68
56, 51
56, 50
56, 48
56, 48
56, 64
57, 46
57, 48
57, 46
57, 48
57, 50
57, 46
57, 46
57, 51
57, 48
57, 47
57, 49
57, 53
57, 49
57, 51
57, 48
57, 51
57, 48
57, 50
57, 50
57, 50
57, 55
57, 56
57, 54
57, 52
57, 54
57, 52
57, 57
57, 50
57, 51
57, 67
57, 55
57, 52
57, 50
57, 52
57, 51
57, 54
57, 51
57, 52
57, 49
57, 52
57, 53
57, 52
57, 47
57, 49
57, 50
57, 47
57, 49
57, 50
57, 47
57, 51
57, 48
57, 47
57, 65
57, 70
57, 53
57, 53
57, 50
57, 51
57, 51
57, 61
57, 53
57, 51
57, 49
57, 63
57, 51
57, 51
57, 59
57, 67
57, 51
57, 50
57, 51
57, 49
57, 69
58, 47
58, 49
58, 47
58, 48
58, 46
58, 47
58, 48
58, 47
58, 49
58, 47
58, 50
58, 51
58, 50
58, 52
58, 51
58, 49
58, 53
58, 51
58, 53
58, 52
58, 61
58, 53
58, 55
58, 65
58, 70
58, 54
58, 53
58, 58
58, 70
58, 54
58, 53
58, 55
58, 54
58, 55
58, 54
58, 47
58, 50
58, 50
58, 49
58, 50
58, 55
58, 47
58, 48
58, 55
58, 68
58, 67
58, 51
58, 55
58, 51
58, 53
58, 51
58, 50
58, 52
58, 50
58, 51
58, 67
58, 52
58, 51
58, 55
58, 72
58, 49
58, 50
58, 49
58, 49
58, 69
59, 51
59, 49
59, 49
59, 51
59, 50
59, 50
59, 51
59, 50
59, 48
59, 49
59, 55
59, 54
59, 53
59, 51
59, 53
59, 52
59, 53
59, 53
59, 50
59, 52
59, 55
59, 56
59, 55
59, 61
59, 58
59, 65
59, 54
59, 53
59, 53
59, 55
59, 64
59, 59
59, 52
59, 54
59, 55
59, 52
59, 57
59, 52
59, 54
59, 54
59, 55
59, 54
59, 56
59, 67
59, 66
59, 48
59, 56
59, 51
59, 49
59, 52
59, 52
59, 49
59, 49
59, 49
59, 49
59, 65
59, 81
59, 57
59, 54
59, 55
59, 51
59, 60
59, 54
59, 52
59, 54
59, 51
59, 65
59, 52
59, 52
59, 58
59, 67
59, 51
59, 53
59, 51
59, 53
59, 99
60, 69
60, 48
60, 52
60, 50
60, 48
60, 52
60, 50
60, 49
60, 48
60, 51
60, 55
60, 51
60, 58
60, 51
60, 53
60, 56
60, 53
60, 52
60, 68
60, 67
60, 69
60, 67
60, 66
60, 70
60, 70
60, 67
60, 73
60, 67
60, 64
60, 67
60, 79
60, 65
60, 50
60, 53
60, 50
60, 50
60, 51
60, 50
60, 52
60, 55
60, 55
60, 49
60, 69
60, 53
60, 53
60, 53
60, 52
60, 54
60, 52
60, 52
60, 65
60, 51
60, 55
60, 69
60, 58
60, 51
60, 58
60, 65
60, 57
60, 52
60, 53
60, 57
60, 65
61, 49
61, 63
61, 50
61, 49
61, 51
61, 49
61, 53
61, 51
61, 49
61, 52
61, 72
61, 70
61, 70
61, 80
61, 67
61, 70
61, 76
61, 67
61, 75
61, 77
61, 70
61, 77
61, 50
61, 53
61, 53
61, 51
61, 53
61, 51
61, 53
61, 53
61, 55
61, 55
61, 69
61, 70
61, 53
61, 55
61, 54
61, 52
61, 52
61, 55
61, 52
61, 54
61, 52
61, 69
61, 59
61, 52
61, 63
61, 67
61, 53
61, 55
61, 51
61, 55
61, 72
62, 52
62, 49
62, 50
62, 49
62, 53
62, 50
62, 50
62, 50
62, 52
62, 49
62, 65
62, 75
62, 69
62, 81
62, 69
62, 77
62, 69
62, 75
62, 70
62, 71
62, 70
62, 53
62, 51
62, 53
62, 58
62, 51
62, 53
62, 51
62, 54
62, 53
62, 52
62, 70
62, 72
62, 60
62, 57
62, 56
62, 54
62, 60
62, 56
62, 55
62, 55
62, 55
62, 69
62, 54
62, 52
62, 63
62, 66
62, 58
62, 52
62, 55
62, 56
62, 65
63, 56
63, 51
63, 55
63, 52
63, 50
63, 51
63, 51
63, 50
63, 54
63, 52
63, 67
63, 69
63, 71
63, 70
63, 71
63, 83
63, 56
63, 56
63, 55
63, 56
63, 57
63, 57
63, 58
63, 57
63, 56
63, 57
63, 61
63, 59
63, 62
63, 54
63, 53
63, 57
63, 58
63, 54
63, 56
63, 56
63, 54
63, 52
63, 51
63, 66
63, 72
63, 57
63, 57
63, 59
63, 54
63, 56
63, 57
63, 54
63, 61
63, 59
63, 75
63, 56
63, 56
63, 67
63, 66
63, 54
63, 59
63, 56
63, 55
63, 68
64, 52
64, 51
64, 54
64, 53
64, 55
64, 54
64, 56
64, 52
64, 55
64, 55
64, 60
64, 57
64, 59
64, 57
64, 59
64, 61
64, 58
64, 61
64, 59
64, 56
64, 59
64, 71
64, 75
64, 61
64, 55
64, 53
64, 54
64, 56
64, 54
64, 55
64, 58
64, 60
64, 53
64, 54
64, 78
64, 73
64, 60
64, 56
64, 56
64, 55
64, 57
64, 55
64, 58
64, 55
64, 55
64, 69
64, 60
64, 56
64, 87
64, 68
64, 58
64, 56
64, 54
64, 53
64, 66
65, 61
65, 55
65, 56
65, 54
65, 55
65, 54
65, 55
65, 58
65, 61
65, 57
65, 60
65, 67
65, 62
65, 59
65, 59
65, 64
65, 61
65, 69
65, 60
65, 76
65, 64
65, 62
65, 61
65, 58
65, 54
65, 53
65, 55
65, 54
65, 58
65, 57
65, 55
65, 68
65, 85
65, 63
65, 63
65, 56
65, 59
65, 67
65, 58
65, 57
65, 55
65, 56
65, 73
65, 56
65, 65
65, 109
65, 75
65, 55
65, 57
65, 55
65, 58
65, 77
66, 56
66, 54
66, 54
66, 57
66, 58
66, 55
66, 56
66, 53
66, 54
66, 66
66, 59
66, 61
66, 61
66, 66
66, 65
66, 60
66, 61
66, 63
66, 62
66, 60
66, 57
66, 55
66, 55
66, 60
66, 57
66, 59
66, 60
66, 56
66, 59
66, 56
66, 58
66, 71
66, 75
66, 68
66, 61
66, 58
66, 61
66, 61
66, 61
66, 64
66, 56
66, 65
66, 74
66, 58
66, 60
66, 65
66, 72
66, 56
66, 56
66, 59
66, 57
66, 68
67, 55
67, 56
67, 58
67, 56
67, 54
67, 54
67, 54
67, 53
67, 58
67, 53
67, 58
67, 58
67, 58
67, 74
67, 61
67, 65
67, 64
67, 67
67, 61
67, 63
67, 63
67, 60
67, 65
67, 56
67, 55
67, 60
67, 59
67, 56
67, 58
67, 55
67, 60
67, 57
67, 56
67, 70
67, 74
67, 58
67, 59
67, 57
67, 61
67, 58
67, 67
67, 59
67, 61
67, 61
67, 72
67, 63
67, 56
67, 66
67, 70
67, 59
67, 56
67, 57
67, 62
67, 72
68, 56
68, 57
68, 55
68, 57
68, 57
68, 55
68, 55
68, 59
68, 58
68, 55
68, 78
68, 71
68, 64
68, 78
68, 64
68, 64
68, 63
68, 73
68, 67
68, 62
68, 80
68, 81
68, 64
68, 59
68, 59
68, 56
68, 56
68, 61
68, 60
68, 60
68, 59
68, 56
68, 57
68, 86
68, 88
68, 59
68, 62
68, 63
68, 62
68, 60
68, 60
68, 60
68, 64
68, 62
68, 85
68, 64
68, 56
68, 68
68, 71
68, 58
68, 59
68, 65
68, 57
68, 71
69, 62
69, 57
69, 59
69, 56
69, 56
69, 57
69, 57
69, 69
69, 58
69, 56
69, 80
69, 66
69, 65
69, 64
69, 65
69, 65
69, 62
69, 66
69, 64
69, 64
69, 61
69, 59
69, 57
69, 61
69, 64
69, 59
69, 59
69, 63
69, 58
69, 61
69, 70
69, 88
69, 64
69, 62
69, 59
69, 64
69, 61
69, 60
69, 63
69, 60
69, 59
69, 79
69, 61
69, 58
69, 66
69, 62
69, 61
69, 60
69, 66
69, 59
69, 71
70, 56
70, 56
70, 57
70, 57
70, 64
70, 60
70, 58
70, 58
70, 57
70, 64
70, 65
70, 65
70, 65
70, 65
70, 62
70, 64
70, 65
70, 65
70, 75
70, 63
70, 64
70, 66
70, 66
70, 74
70, 61
70, 65
70, 66
70, 66
70, 64
70, 64
70, 58
70, 66
70, 61
70, 61
70, 59
70, 59
70, 60
70, 67
70, 61
70, 59
70, 83
70, 85
70, 62
70, 66
70, 65
70, 62
70, 62
70, 74
70, 65
70, 65
70, 62
70, 77
70, 65
70, 60
70, 68
70, 60
70, 70
70, 62
70, 60
70, 63
70, 81
71, 60
71, 62
71, 58
71, 61
71, 58
71, 58
71, 64
71, 66
71, 65
71, 66
71, 66
71, 65
71, 64
71, 66
71, 64
71, 64
71, 65
71, 66
71, 66
71, 66
71, 66
71, 64
71, 64
71, 65
71, 63
71, 64
71, 65
71, 66
71, 61
71, 63
71, 66
71, 59
71, 63
71, 59
71, 59
71, 59
71, 60
71, 75
71, 75
71, 64
71, 62
71, 66
71, 64
71, 67
71, 65
71, 63
71, 63
71, 70
71, 82
71, 70
71, 60
71, 68
71, 73
71, 65
71, 62
71, 61
71, 71
71, 75
72, 64
72, 64
72, 66
72, 64
72, 65
72, 65
72, 65
72, 65
72, 65
72, 66
72, 65
72, 66
72, 64
72, 72
72, 65
72, 67
72, 67
72, 67
72, 64
72, 64
72, 61
72, 65
72, 62
72, 63
72, 62
72, 64
72, 61
72, 60
72, 69
72, 74
72, 79
72, 64
72, 65
72, 66
72, 71
72, 64
72, 66
72, 67
72, 65
72, 64
72, 85
72, 65
72, 61
72, 67
72, 68
72, 66
72, 63
72, 62
72, 63
72, 76
73, 69
73, 83
73, 68
73, 80
73, 69
73, 69
73, 69
73, 67
73, 66
73, 65
73, 67
73, 65
73, 63
73, 93
73, 78
73, 66
73, 66
73, 65
73, 66
73, 65
73, 67
73, 65
73, 66
73, 69
73, 85
73, 72
73, 74
73, 69
73, 66
73, 74
73, 67
73, 63
73, 65
73, 74
74, 69
74, 67
74, 66
74, 67
74, 67
74, 68
74, 69
74, 84
74, 71
74, 67
74, 69
74, 66
74, 97
74, 93
74, 67
74, 64
74, 65
74, 66
74, 66
74, 64
74, 67
74, 66
74, 65
74, 78
74, 64
74, 64
74, 69
74, 64
74, 69
74, 66
74, 64
74, 64
74, 79
75, 70
75, 71
75, 74
75, 71
75, 66
75, 70
75, 71
75, 68
75, 65
75, 65
75, 67
75, 73
75, 67
75, 79
75, 81
75, 67
75, 65
75, 73
75, 67
75, 68
75, 67
75, 67
75, 65
75, 66
75, 80
75, 68
75, 66
75, 71
75, 67
75, 65
75, 67
75, 67
75, 66
75, 78
76, 86
76, 82
76, 68
76, 84
76, 71
76, 88
76, 83
76, 68
76, 84
76, 68
76, 76
76, 87
76, 69
76, 87
76, 124
76, 84
76, 68
76, 76
76, 65
76, 65
76, 68
76, 75
76, 65
76, 67
76, 65
76, 79
76, 66
76, 66
76, 71
76, 68
76, 66
76, 67
76, 66
76, 67
76, 81
77, 69
77, 68
77, 69
77, 72
77, 70
77, 70
77, 70
77, 67
77, 66
77, 71
77, 66
77, 69
77, 69
77, 69
77, 66
77, 70
77, 68
77, 69
77, 66
77, 68
77, 70
77, 66
77, 81
77, 80
77, 69
77, 67
77, 68
77, 67
77, 65
77, 67
77, 68
77, 66
77, 67
77, 84
77, 68
77, 68
77, 72
77, 68
77, 66
77, 66
77, 67
77, 73
77, 84
78, 67
78, 71
78, 67
78, 67
78, 69
78, 71
78, 70
78, 72
78, 67
78, 68
78, 68
78, 69
78, 70
78, 68
78, 67
78, 72
78, 68
78, 141
78, 85
78, 70
78, 67
78, 67
78, 68
78, 67
78, 67
78, 70
78, 79
78, 67
78, 84
78, 69
78, 69
78, 85
78, 66
78, 68
78, 66
78, 69
78, 69
78, 80
79, 72
79, 71
79, 71
79, 70
79, 72
79, 70
79, 69
79, 69
79, 72
79, 71
79, 68
79, 96
79, 93
79, 98
79, 69
79, 72
79, 79
79, 71
79, 70
79, 67
79, 68
79, 68
79, 69
79, 87
79, 83
79, 72
79, 115
79, 69
79, 67
79, 69
79, 72
79, 70
79, 82
80, 78
80, 71
80, 74
80, 74
80, 74
80, 84
80, 73
80, 70
80, 79
80, 88
80, 71
80, 75
80, 74
80, 92
80, 83
80, 98
80, 72
80, 71
80, 71
80, 70
80, 68
80, 70
80, 70
80, 69
80, 69
80, 90
80, 79
80, 67
80, 77
80, 68
80, 70
80, 70
80, 67
80, 68
80, 77
81, 80
81, 74
81, 74
81, 75
81, 72
81, 75
81, 79
81, 69
81, 69
81, 72
81, 70
81, 71
81, 70
81, 71
81, 74
81, 70
81, 71
81, 69
81, 69
81, 84
81, 74
81, 70
81, 70
81, 71
81, 82
81, 88
81, 70
81, 69
81, 73
81, 72
81, 71
81, 69
81, 69
81, 72
81, 73
81, 84
81, 72
81, 70
81, 78
81, 72
81, 72
81, 71
81, 71
81, 68
81, 86
82, 70
82, 84
82, 85
82, 70
82, 83
82, 73
82, 70
82, 81
82, 73
82, 74
82, 78
82, 77
82, 75
82, 74
82, 73
82, 80
82, 87
82, 73
82, 71
82, 72
82, 73
82, 70
82, 71
82, 76
82, 74
82, 70
82, 84
82, 68
82, 69
82, 78
82, 69
82, 73
82, 71
82, 75
82, 69
82, 88
83, 74
83, 78
83, 75
83, 77
83, 78
83, 73
83, 73
83, 74
83, 74
83, 90
83, 74
83, 70
83, 73
83, 71
83, 139
83, 93
83, 71
83, 71
83, 73
83, 74
83, 72
83, 74
83, 70
83, 73
83, 70
83, 86
83, 70
83, 69
83, 74
83, 73
83, 72
83, 79
83, 73
83, 69
83, 78
84, 65
84, 65
84, 65
84, 67
84, 75
84, 65
84, 64
84, 65
84, 66
84, 67
84, 74
84, 66
84, 65
84, 67
84, 67
84, 68
84, 65
84, 65
84, 71
84, 65
84, 79
84, 81
84, 68
84, 66
84, 65
84, 66
84, 66
84, 64
84, 65
84, 66
84, 66
84, 85
84, 73
84, 65
84, 68
84, 64
84, 62
84, 66
84, 66
84, 67
84, 75
85, 66
85, 68
85, 68
85, 67
85, 67
85, 65
85, 68
85, 68
85, 68
85, 66
85, 67
85, 70
85, 71
85, 66
85, 66
85, 66
85, 69
85, 74
85, 79
85, 65
85, 66
85, 67
85, 65
85, 65
85, 66
85, 65
85, 67
85, 67
85, 79
85, 64
85, 66
85, 68
85, 66
85, 64
85, 67
85, 65
85, 65
85, 82
86, 66
86, 67
86, 68
86, 67
86, 75
86, 76
86, 77
86, 66
86, 68
86, 65
86, 65
86, 66
86, 66
86, 84
86, 69
86, 68
86, 66
86, 66
86, 79
86, 79
86, 80
86, 79
86, 81
86, 81
86, 81
86, 68
86, 66
86, 71
86, 66
86, 67
86, 65
86, 77
86, 67
86, 68
86, 78
86, 64
86, 67
86, 67
86, 65
86, 67
86, 66
86, 66
86, 67
86, 74
87, 78
87, 81
87, 67
87, 71
87, 68
87, 69
87, 67
87, 80
87, 76
87, 70
87, 66
87, 78
87, 66
87, 69
87, 71
87, 66
87, 67
87, 66
87, 68
87, 66
87, 74
88, 83
88, 67
88, 66
88, 68
88, 70
88, 67
88, 70
88, 78
88, 68
88, 67
88, 66
88, 82
88, 66
88, 68
88, 74
88, 68
88, 67
88, 67
88, 75
88, 67
88, 78
89, 80
89, 67
89, 70
89, 73
89, 73
89, 66
89, 66
89, 67
89, 68
89, 66
89, 71
89, 81
89, 67
89, 68
89, 71
89, 71
89, 74
89, 70
89, 67
89, 75
89, 92
90, 93
90, 68
90, 70
90, 70
90, 68
90, 70
90, 69
90, 70
90, 67
90, 67
90, 69
90, 79
90, 68
90, 71
90, 79
90, 68
90, 69
90, 67
90, 66
90, 66
90, 90
91, 151
91, 69
91, 68
91, 68
91, 68
91, 72
91, 71
91, 77
91, 68
91, 74
91, 68
91, 82
91, 67
91, 68
91, 73
91, 70
91, 69
91, 70
91, 68
91, 67
91, 78
92, 81
92, 74
92, 73
92, 68
92, 74
92, 71
92, 70
92, 72
92, 68
92, 70
92, 69
92, 87
92, 68
92, 71
92, 76
92, 68
92, 72
92, 67
92, 73
92, 68
92, 76
93, 83
93, 96
93, 72
93, 70
93, 69
93, 85
93, 73
93, 69
93, 69
93, 69
93, 74
93, 86
93, 73
93, 83
93, 74
93, 68
93, 70
93, 69
93, 68
93, 70
93, 81
94, 144
94, 75
94, 70
94, 70
94, 73
94, 70
94, 75
94, 75
94, 71
94, 70
94, 70
94, 88
94, 69
94, 74
94, 75
94, 73
94, 70
94, 77
94, 75
94, 71
94, 83
95, 84
95, 73
95, 71
95, 71
95, 71
95, 74
95, 74
95, 75
95, 70
95, 74
95, 72
95, 87
95, 69
95, 71
95, 83
95, 69
95, 73
95, 73
95, 69
95, 77
95, 81
96, 139
96, 76
96, 75
96, 74
96, 71
96, 76
96, 74
96, 72
96, 77
96, 78
96, 71
96, 87
96, 75
96, 80
96, 78
96, 72
96, 76
96, 70
96, 70
96, 70
96, 94
97, 137
97, 73
97, 81
97, 76
97, 72
97, 75
97, 87
97, 72
97, 77
97, 73
97, 74
97, 102
97, 74
97, 76
97, 76
97, 71
97, 75
97, 71
97, 74
97, 71
97, 84
98, 85
98, 79
98, 73
98, 75
98, 76
98, 76
98, 74
98, 73
98, 77
98, 73
98, 78
98, 91
98, 72
98, 73
98, 106
98, 81
98, 72
98, 77
98, 77
98, 85
98, 83
99, 88
99, 77
99, 76
99, 77
99, 76
99, 74
99, 76
99, 82
99, 81
99, 76
99, 73
99, 103
99, 76
99, 76
99, 88
99, 83
99, 75
99, 77
99, 75
99, 73
99, 95
100, 86
100, 87
100, 76
100, 82
100, 83
100, 75
100, 80
100, 75
100, 74
100, 74
100, 78
100, 98
100, 74
100, 74
100, 91
100, 78
100, 78
100, 73
100, 73
100, 76
100, 91
